OBJECTID,BUA11,BUASD11,CALNCV,CED,CTRY,DOINTR,DOTERM,ICB,IMD,ITL,LAT,LEP1,LEP2,LONG,LSOA11,LSOA21,MSOA11,MSOA21,NHSER,OA11,OA21,OAC11,OSCTY,OSEAST1M,OSGRDIND,OSHLTHAU,OSLAUA,OSNRTH1M,OSWARD,PARISH,PARK,PCD,PCD2,PCDS,PCON,PFA,RGN,RU11IND,RUC21IND,SICBL,TTWA,USERTYPE,WZ11
"51574",E630,E35000380,E56000007,E99999999,E92000001,"198001",,E54000062,"13564",E08000028,52.4754104614258,E37000001,,-1.98391699790955,E01009923,E01009923,E02002078,E02002078,E40000011,E00050208,E00050208,4C3,E99999999,"401189","1",E18000005,E08000028,"0286385",E05001260,E43000182,E65000001,B67 5LX,B67  5LX,B67 5LX,E14001478,E23000014,E12000005,A1,UN1,E38000259,E30000169,"0",E33020959
"51575",E630,E35000380,E56000007,E99999999,E92000001,"198001",,E54000062,"13564",E08000028,52.4763603210449,E37000001,,-1.98453497886658,E01009923,E01009923,E02002078,E02002078,E40000011,E00050208,E00050208,4C3,E99999999,"401147","1",E18000005,E08000028,"0286491",E05001260,E43000182,E65000001,B67 5LY,B67  5LY,B67 5LY,E14001478,E23000014,E12000005,A1,UN1,E38000259,E30000169,"0",E33020959
"51576",E630,E35000380,E56000007,E99999999,E92000001,"198001",,E54000062,"13564",E08000028,52.4774780273438,E37000001,,-1.98468196392059,E01009923,E01009923,E02002078,E02002078,E40000011,E00050202,E00050202,6B1,E99999999,"401137","1",E18000005,E08000028,"0286615",E05001260,E43000182,E65000001,B67 5LZ,B67  5LZ,B67 5LZ,E14001478,E23000014,E12000005,A1,UN1,E38000259,E30000169,"0",E33020959
"51577",E630,E35000380,E56000007,E99999999,E92000001,"198001",,E54000062,"13564",E08000028,52.4753036499023,E37000001,,-1.9850800037384,E01009923,E01009923,E02002078,E02002078,E40000011,E00050208,E00050208,4C3,E99999999,"401110","1",E18000005,E08000028,"0286373",E05001260,E43000182,E65000001,B67 5NA,B67  5NA,B67 5NA,E14001478,E23000014,E12000005,A1,UN1,E38000259,E30000169,"0",E33020959
"51578",E630,E35000380,E56000007,E99999999,E92000001,"198001",,E54000062,"13564",E08000028,52.4785003662109,E37000001,,-1.98475503921509,E01009923,E01009923,E02002078,E02002078,E40000011,E00050202,E00050202,6B1,E99999999,"401132","1",E18000005,E08000028,"0286729",E05001260,E43000182,E65000001,B67 5NB,B67  5NB,B67 5NB,E14001478,E23000014,E12000005,A1,UN1,E38000259,E30000169,"0",E33020959
"51579",E630,E35000380,E56000007,E99999999,E92000001,"198001",,E54000062,"13564",E08000028,52.4789237976074,E37000001,,-1.98594796657562,E01009923,E01009923,E02002078,E02002078,E40000011,E00050194,E00050194,4C1,E99999999,"401051","1",E18000005,E08000028,"0286776",E05001260,E43000182,E65000001,B67 5ND,B67  5ND,B67 5ND,E14001478,E23000014,E12000005,A1,UN1,E38000259,E30000169,"0",E33020959
"51580",E630,E35000380,E56000007,E99999999,E92000001,"198001",,E54000062,"13564",E08000028,52.4779014587402,E37000001,,-1.98690497875214,E01009923,E01009923,E02002078,E02002078,E40000011,E00050194,E00050194,4C1,E99999999,"400986","1",E18000005,E08000028,"0286662",E05001260,E43000182,E65000001,B67 5NE,B67  5NE,B67 5NE,E14001478,E23000014,E12000005,A1,UN1,E38000259,E30000169,"0",E33020959
"51581",E630,E35000380,E56000007,E99999999,E92000001,"198001",,E54000062,"13564",E08000028,52.4763984680176,E37000001,,-1.98753905296326,E01009923,E01009923,E02002078,E02002078,E40000011,E00050202,E00050202,6B1,E99999999,"400943","1",E18000005,E08000028,"0286495",E05001260,E43000182,E65000001,B67 5NF,B67  5NF,B67 5NF,E14001478,E23000014,E12000005,A1,UN1,E38000259,E30000169,"0",E33020959
"51582",E630,E35000380,E56000007,E99999999,E92000001,"198001",,E54000062,"13564",E08000028,52.475456237793,E37000001,,-1.98661196231842,E01009923,E01009923,E02002078,E02002078,E40000011,E00050208,E00050208,4C3,E99999999,"401006","1",E18000005,E08000028,"0286390",E05001260,E43000182,E65000001,B67 5NG,B67  5NG,B67 5NG,E14001478,E23000014,E12000005,A1,UN1,E38000259,E30000169,"0",E33020959
"51583",E630,E35000380,E56000007,E99999999,E92000001,"198001",,E54000062,"13564",E08000028,52.4771194458008,E37000001,,-1.98599302768707,E01009923,E01009923,E02002078,E02002078,E40000011,E00050202,E00050202,6B1,E99999999,"401048","1",E18000005,E08000028,"0286575",E05001260,E43000182,E65000001,B67 5NH,B67  5NH,B67 5NH,E14001478,E23000014,E12000005,A1,UN1,E38000259,E30000169,"0",E33020959
"51584",E630,E35000380,E56000007,E99999999,E92000001,"198001",,E54000062,"13564",E08000028,52.4762916564941,E37000001,,-1.98625802993774,E01009923,E01009923,E02002078,E02002078,E40000011,E00050208,E00050208,4C3,E99999999,"401030","1",E18000005,E08000028,"0286483",E05001260,E43000182,E65000001,B67 5NJ,B67  5NJ,B67 5NJ,E14001478,E23000014,E12000005,A1,UN1,E38000259,E30000169,"0",E33020959
"51585",E630,E35000380,E56000007,E99999999,E92000001,"198001",,E54000062,"13564",E08000028,52.4754638671875,E37000001,,-1.98820197582245,E01009923,E01009923,E02002078,E02002078,E40000011,E00050208,E00050208,4C3,E99999999,"400898","1",E18000005,E08000028,"0286391",E05001260,E43000182,E65000001,B67 5NN,B67  5NN,B67 5NN,E14001478,E23000014,E12000005,A1,UN1,E38000259,E30000169,"0",E33020959
"51586",E630,E35001166,E56000007,E99999999,E92000001,"198001",,E54000062,"13564",E08000028,52.4749794006348,E37000001,,-1.98970305919647,E01009923,E01009923,E02002078,E02002078,E40000011,E00050206,E00050206,4A1,E99999999,"400796","1",E18000005,E08000028,"0286337",E05001260,E43000182,E65000001,B67 5NQ,B67  5NQ,B67 5NQ,E14001478,E23000014,E12000005,A1,UN1,E38000259,E30000169,"0",E33020959
"51587",E630,E35000380,E56000007,E99999999,E92000001,"198001",,E54000062,"13564",E08000028,52.4787101745605,E37000001,,-1.98699295520782,E01009923,E01009923,E02002078,E02002078,E40000011,E00050194,E00050194,4C1,E99999999,"400980","1",E18000005,E08000028,"0286752",E05001260,E43000182,E65000001,B67 5NT,B67  5NT,B67 5NT,E14001478,E23000014,E12000005,A1,UN1,E38000259,E30000169,"0",E33020959
"51588",E630,E35000380,E56000007,E99999999,E92000001,"198001",,E54000062,"13564",E08000028,52.4778900146484,E37000001,,-1.98780298233032,E01009923,E01009923,E02002078,E02002078,E40000011,E00050194,E00050194,4C1,E99999999,"400925","1",E18000005,E08000028,"0286661",E05001260,E43000182,E65000001,B67 5NU,B67  5NU,B67 5NU,E14001478,E23000014,E12000005,A1,UN1,E38000259,E30000169,"0",E33020959
"51589",E630,E35001166,E56000007,E99999999,E92000001,"198001",,E54000062,"13564",E08000028,52.4743766784668,E37000001,,-1.99039494991302,E01009923,E01009923,E02002078,E02002078,E40000011,E00050206,E00050206,4A1,E99999999,"400749","1",E18000005,E08000028,"0286270",E05001260,E43000182,E65000001,B67 5NW,B67  5NW,B67 5NW,E14001478,E23000014,E12000005,A1,UN1,E38000259,E30000169,"0",E33020959
"51590",E630,E35000380,E56000007,E99999999,E92000001,"198001",,E54000062,"13564",E08000028,52.476749420166,E37000001,,-1.98809802532196,E01009923,E01009923,E02002078,E02002078,E40000011,E00050202,E00050202,6B1,E99999999,"400905","1",E18000005,E08000028,"0286534",E05001260,E43000182,E65000001,B67 5NX,B67  5NX,B67 5NX,E14001478,E23000014,E12000005,A1,UN1,E38000259,E30000169,"0",E33020959
"51591",E630,E35001166,E56000007,E99999999,E92000001,"198001",,E54000062,"13564",E08000028,52.475528717041,E37000001,,-1.98945295810699,E01009923,E01009923,E02002078,E02002078,E40000011,E00050199,E00050199,4A1,E99999999,"400813","1",E18000005,E08000028,"0286398",E05001260,E43000182,E65000001,B67 5NY,B67  5NY,B67 5NY,E14001478,E23000014,E12000005,A1,UN1,E38000259,E30000169,"0",E33020959
"51592",E630,E35001166,E56000007,E99999999,E92000001,"198001",,E54000062,"13564",E08000028,52.4768218994141,E37000001,,-1.98957002162933,E01009923,E01009923,E02002078,E02002078,E40000011,E00050199,E00050199,4A1,E99999999,"400805","1",E18000005,E08000028,"0286542",E05001260,E43000182,E65000001,B67 5NZ,B67  5NZ,B67 5NZ,E14001478,E23000014,E12000005,A1,UN1,E38000259,E30000169,"0",E33020959
"51593",E630,E35000380,E56000007,E99999999,E92000001,"198001",,E54000062,"13564",E08000028,52.4781150817871,E37000001,,-1.98865699768066,E01009923,E01009923,E02002078,E02002078,E40000011,E00050194,E00050194,4C1,E99999999,"400867","1",E18000005,E08000028,"0286686",E05001260,E43000182,E65000001,B67 5PA,B67  5PA,B67 5PA,E14001478,E23000014,E12000005,A1,UN1,E38000259,E30000169,"0",E33020959
"51594",E630,E35001166,E56000007,E99999999,E92000001,"198001",,E54000062,"13564",E08000028,52.4771881103516,E37000001,,-1.99030697345734,E01009923,E01009923,E02002078,E02002078,E40000011,E00050199,E00050199,4A1,E99999999,"400755","1",E18000005,E08000028,"0286583",E05001260,E43000182,E65000001,B67 5PB,B67  5PB,B67 5PB,E14001478,E23000014,E12000005,A1,UN1,E38000259,E30000169,"0",E33020959
"51595",E630,E35001166,E56000007,E99999999,E92000001,"198001",,E54000062,"13564",E08000028,52.4761734008789,E37000001,,-1.99039494991302,E01009923,E01009923,E02002078,E02002078,E40000011,E00050199,E00050199,4A1,E99999999,"400749","1",E18000005,E08000028,"0286470",E05001260,E43000182,E65000001,B67 5PD,B67  5PD,B67 5PD,E14001478,E23000014,E12000005,A1,UN1,E38000259,E30000169,"0",E33020959
"51596",E630,E35001166,E56000007,E99999999,E92000001,"198001",,E54000062,"13564",E08000028,52.4763450622559,E37000001,,-1.9918669462204,E01009923,E01009923,E02002078,E02002078,E40000011,E00050199,E00050199,4A1,E99999999,"400649","1",E18000005,E08000028,"0286489",E05001260,E43000182,E65000001,B67 5PE,B67  5PE,B67 5PE,E14001478,E23000014,E12000005,A1,UN1,E38000259,E30000169,"0",E33020959
"51597",E630,E35001166,E56000007,E99999999,E92000001,"198001",,E54000062,"13564",E08000028,52.4757537841797,E37000001,,-1.99194097518921,E01009923,E01009923,E02002078,E02002078,E40000011,E00050206,E00050206,4A1,E99999999,"400644","1",E18000005,E08000028,"0286423",E05001260,E43000182,E65000001,B67 5PF,B67  5PF,B67 5PF,E14001478,E23000014,E12000005,A1,UN1,E38000259,E30000169,"0",E33020959
"51598",E630,E35001166,E56000007,E99999999,E92000001,"198001",,E54000062,"13564",E08000028,52.4755096435547,E37000001,,-1.99341297149658,E01009923,E01009923,E02002078,E02002078,E40000011,E00050206,E00050206,4A1,E99999999,"400544","1",E18000005,E08000028,"0286396",E05001260,E43000182,E65000001,B67 5PG,B67  5PG,B67 5PG,E14001478,E23000014,E12000005,A1,UN1,E38000259,E30000169,"0",E33020959
"51606",E630,E35000380,E56000007,E99999999,E92000001,"198001",,E54000062,"13564",E08000028,52.4790496826172,E37000001,,-1.98552095890045,E01009923,E01009923,E02002078,E02002078,E40000011,E00050194,E00050194,4C1,E99999999,"401080","1",E18000005,E08000028,"0286790",E05001260,E43000182,E65000001,B67 5PU,B67  5PU,B67 5PU,E14001478,E23000014,E12000005,A1,UN1,E38000259,E30000169,"0",E33020959
"51991",E630,E35000380,E56000007,E99999999,E92000001,"198001",,E54000062,"19262",E08000028,52.4663391113281,E37000001,,-1.98234605789185,E01010027,E01010027,E02002078,E02002078,E40000011,E00050716,E00050716,4C1,E99999999,"401296","1",E18000005,E08000028,"0285376",E05001272,E43000182,E65000001,B68 0AA,B68  0AA,B68 0AA,E14001478,E23000014,E12000005,A1,UN1,E38000259,E30000169,"0",E33020958
"52000",E630,E35001166,E56000007,E99999999,E92000001,"198001",,E54000062,"19370",E08000028,52.4679298400879,E37000001,,-1.99716794490814,E01010024,E01010024,E02002078,E02002078,E40000011,E00050720,E00050720,6B1,E99999999,"400289","1",E18000005,E08000028,"0285553",E05001272,E43000182,E65000001,B68 0AS,B68  0AS,B68 0AS,E14001478,E23000014,E12000005,A1,UN1,E38000259,E30000169,"0",E33020959
"52002",E630,E35001166,E56000007,E99999999,E92000001,"198001",,E54000062,"19370",E08000028,52.4675788879395,E37000001,,-1.9971239566803,E01010024,E01010024,E02002078,E02002078,E40000011,E00050720,E00050720,6B1,E99999999,"400292","1",E18000005,E08000028,"0285514",E05001272,E43000182,E65000001,B68 0AU,B68  0AU,B68 0AU,E14001478,E23000014,E12000005,A1,UN1,E38000259,E30000169,"0",E33020959
"52010",E630,E35001166,E56000007,E99999999,E92000001,"198001",,E54000062,"19370",E08000028,52.4655570983887,E37000001,,-1.9974479675293,E01010024,E01010024,E02002078,E02002078,E40000011,E00050696,E00050696,6B1,E99999999,"400270","1",E18000005,E08000028,"0285289",E05001272,E43000182,E65000001,B68 0BE,B68  0BE,B68 0BE,E14001478,E23000014,E12000005,A1,UN1,E38000259,E30000169,"0",E33020958
"52022",E630,E35001166,E56000007,E99999999,E92000001,"198001",,E54000062,"19370",E08000028,52.4645843505859,E37000001,,-1.99707996845245,E01010024,E01010024,E02002078,E02002078,E40000011,E00050696,E00050696,6B1,E99999999,"400295","1",E18000005,E08000028,"0285181",E05001272,E43000182,E65000001,B68 0DE,B68  0DE,B68 0DE,E14001478,E23000014,E12000005,A1,UN1,E38000259,E30000169,"0",E33020958
"52024",E630,E35001166,E56000007,E99999999,E92000001,"198001",,E54000062,"19370",E08000028,52.4648742675781,E37000001,,-1.99563705921173,E01010024,E01010024,E02002078,E02002078,E40000011,E00050696,E00050696,6B1,E99999999,"400393","1",E18000005,E08000028,"0285213",E05001272,E43000182,E65000001,B68 0DG,B68  0DG,B68 0DG,E14001478,E23000014,E12000005,A1,UN1,E38000259,E30000169,"0",E33020958
"52027",E630,E35001166,E56000007,E99999999,E92000001,"198001",,E54000062,"19370",E08000028,52.4647026062012,E37000001,,-1.99219298362732,E01010024,E01010024,E02002078,E02002078,E40000011,E00050724,E00050724,5B1,E99999999,"400627","1",E18000005,E08000028,"0285194",E05001272,E43000182,E65000001,B68 0DL,B68  0DL,B68 0DL,E14001478,E23000014,E12000005,A1,UN1,E38000259,E30000169,"0",E33020958
"52028",E630,E35001166,E56000007,E99999999,E92000001,"198001",,E54000062,"19370",E08000028,52.4654312133789,E37000001,,-1.99238395690918,E01010024,E01010024,E02002078,E02002078,E40000011,E00050725,E00050725,6B1,E99999999,"400614","1",E18000005,E08000028,"0285275",E05001272,E43000182,E65000001,B68 0DP,B68  0DP,B68 0DP,E14001478,E23000014,E12000005,A1,UN1,E38000259,E30000169,"0",E33020958
"52030",E630,E35001166,E56000007,E99999999,E92000001,"199109",,E54000062,"19370",E08000028,52.4676055908203,E37000001,,-1.99407696723938,E01010024,E01010024,E02002078,E02002078,E40000011,E00050722,E00050722,6B1,E99999999,"400499","1",E18000005,E08000028,"0285517",E05001272,E43000182,E65000001,B68 0DU,B68  0DU,B68 0DU,E14001478,E23000014,E12000005,A1,UN1,E38000259,E30000169,"0",E33020958
"52031",E630,E35001166,E56000007,E99999999,E92000001,"198001",,E54000062,"19370",E08000028,52.4650192260742,E37000001,,-1.99364995956421,E01010024,E01010024,E02002078,E02002078,E40000011,E00050725,E00050725,6B1,E99999999,"400528","1",E18000005,E08000028,"0285229",E05001272,E43000182,E65000001,B68 0DY,B68  0DY,B68 0DY,E14001478,E23000014,E12000005,A1,UN1,E38000259,E30000169,"0",E33020958
"52032",E630,E35001166,E56000007,E99999999,E92000001,"198001",,E54000062,"19370",E08000028,52.4651718139648,E37000001,,-1.99444496631622,E01010024,E01010024,E02002078,E02002078,E40000011,E00050696,E00050696,6B1,E99999999,"400474","1",E18000005,E08000028,"0285246",E05001272,E43000182,E65000001,B68 0DZ,B68  0DZ,B68 0DZ,E14001478,E23000014,E12000005,A1,UN1,E38000259,E30000169,"0",E33020958
"52033",E630,E35001166,E56000007,E99999999,E92000001,"198001",,E54000062,"19370",E08000028,52.4660415649414,E37000001,,-1.99404799938202,E01010024,E01010024,E02002078,E02002078,E40000011,E00050725,E00050725,6B1,E99999999,"400501","1",E18000005,E08000028,"0285343",E05001272,E43000182,E65000001,B68 0EA,B68  0EA,B68 0EA,E14001478,E23000014,E12000005,A1,UN1,E38000259,E30000169,"0",E33020958
"52034",E630,E35001166,E56000007,E99999999,E92000001,"198001",,E54000062,"19370",E08000028,52.4657897949219,E37000001,,-1.99587297439575,E01010024,E01010024,E02002078,E02002078,E40000011,E00050696,E00050696,6B1,E99999999,"400377","1",E18000005,E08000028,"0285315",E05001272,E43000182,E65000001,B68 0EB,B68  0EB,B68 0EB,E14001478,E23000014,E12000005,A1,UN1,E38000259,E30000169,"0",E33020958
"52036",E630,E35001166,E56000007,E99999999,E92000001,"198001",,E54000062,"19370",E08000028,52.4662399291992,E37000001,,-1.99690294265747,E01010024,E01010024,E02002078,E02002078,E40000011,E00050696,E00050696,6B1,E99999999,"400307","1",E18000005,E08000028,"0285365",E05001272,E43000182,E65000001,B68 0EE,B68  0EE,B68 0EE,E14001478,E23000014,E12000005,A1,UN1,E38000259,E30000169,"0",E33020958
"52038",E630,E35001166,E56000007,E99999999,E92000001,"198001",,E54000062,"19370",E08000028,52.4662857055664,E37000001,,-1.99529898166656,E01010024,E01010024,E02002078,E02002078,E40000011,E00050696,E00050696,6B1,E99999999,"400416","1",E18000005,E08000028,"0285370",E05001272,E43000182,E65000001,B68 0EG,B68  0EG,B68 0EG,E14001478,E23000014,E12000005,A1,UN1,E38000259,E30000169,"0",E33020958
"52039",E630,E35001166,E56000007,E99999999,E92000001,"198001",,E54000062,"19370",E08000028,52.4677696228027,E37000001,,-1.9955929517746,E01010024,E01010024,E02002078,E02002078,E40000011,E00050720,E00050720,6B1,E99999999,"400396","1",E18000005,E08000028,"0285535",E05001272,E43000182,E65000001,B68 0EH,B68  0EH,B68 0EH,E14001478,E23000014,E12000005,A1,UN1,E38000259,E30000169,"0",E33020959
"52040",E630,E35001166,E56000007,E99999999,E92000001,"198001",,E54000062,"19370",E08000028,52.4685401916504,E37000001,,-1.99759495258331,E01010024,E01010024,E02002078,E02002078,E40000011,E00050720,E00050720,6B1,E99999999,"400260","1",E18000005,E08000028,"0285621",E05001272,E43000182,E65000001,B68 0EJ,B68  0EJ,B68 0EJ,E14001478,E23000014,E12000005,A1,UN1,E38000259,E30000169,"0",E33020959
"52041",E630,E35001166,E56000007,E99999999,E92000001,"198001",,E54000062,"19370",E08000028,52.4688835144043,E37000001,,-1.99766898155212,E01010024,E01010024,E02002078,E02002078,E40000011,E00050720,E00050720,6B1,E99999999,"400255","1",E18000005,E08000028,"0285659",E05001272,E43000182,E65000001,B68 0EL,B68  0EL,B68 0EL,E14001478,E23000014,E12000005,A1,UN1,E38000259,E30000169,"0",E33020959
"52042",E630,E35001166,E56000007,E99999999,E92000001,"198001",,E54000062,"19262",E08000028,52.4683799743652,E37000001,,-1.99320805072784,E01010027,E01010027,E02002078,E02002078,E40000011,E00050715,E00050715,6B1,E99999999,"400558","1",E18000005,E08000028,"0285603",E05001272,E43000182,E65000001,B68 0EN,B68  0EN,B68 0EN,E14001478,E23000014,E12000005,A1,UN1,E38000259,E30000169,"0",E33020959
"52043",E630,E35001166,E56000007,E99999999,E92000001,"198001",,E54000062,"19370",E08000028,52.4671020507812,E37000001,,-1.99272298812866,E01010024,E01010024,E02002078,E02002078,E40000011,E00050722,E00050722,6B1,E99999999,"400591","1",E18000005,E08000028,"0285461",E05001272,E43000182,E65000001,B68 0EP,B68  0EP,B68 0EP,E14001478,E23000014,E12000005,A1,UN1,E38000259,E30000169,"0",E33020958
"52044",E630,E35001166,E56000007,E99999999,E92000001,"198001",,E54000062,"19370",E08000028,52.4671478271484,E37000001,,-1.99497497081757,E01010024,E01010024,E02002078,E02002078,E40000011,E00050725,E00050725,6B1,E99999999,"400438","1",E18000005,E08000028,"0285466",E05001272,E43000182,E65000001,B68 0EQ,B68  0EQ,B68 0EQ,E14001478,E23000014,E12000005,A1,UN1,E38000259,E30000169,"0",E33020958
"52045",E630,E35001166,E56000007,E99999999,E92000001,"198001",,E54000062,"19370",E08000028,52.466724395752,E37000001,,-1.99289894104004,E01010024,E01010024,E02002078,E02002078,E40000011,E00050722,E00050722,6B1,E99999999,"400579","1",E18000005,E08000028,"0285419",E05001272,E43000182,E65000001,B68 0ER,B68  0ER,B68 0ER,E14001478,E23000014,E12000005,A1,UN1,E38000259,E30000169,"0",E33020958
"52046",E630,E35001166,E56000007,E99999999,E92000001,"198001",,E54000062,"19370",E08000028,52.4668235778809,E37000001,,-1.99381196498871,E01010024,E01010024,E02002078,E02002078,E40000011,E00050725,E00050725,6B1,E99999999,"400517","1",E18000005,E08000028,"0285430",E05001272,E43000182,E65000001,B68 0ES,B68  0ES,B68 0ES,E14001478,E23000014,E12000005,A1,UN1,E38000259,E30000169,"0",E33020958
"52047",E630,E35001166,E56000007,E99999999,E92000001,"198001",,E54000062,"19370",E08000028,52.4677772521973,E37000001,,-1.99256098270416,E01010024,E01010024,E02002078,E02002078,E40000011,E00050722,E00050722,6B1,E99999999,"400602","1",E18000005,E08000028,"0285536",E05001272,E43000182,E65000001,B68 0ET,B68  0ET,B68 0ET,E14001478,E23000014,E12000005,A1,UN1,E38000259,E30000169,"0",E33020958
"52048",E630,E35001166,E56000007,E99999999,E92000001,"202308",,E54000062,"19370",E08000028,52.4676895141602,E37000001,,-1.99160397052765,E01010024,E01010024,E02002078,E02002078,E40000011,E00050722,E00050722,6B1,E99999999,"400667","1",E18000005,E08000028,"0285526",E05001272,E43000182,E65000001,B68 0EU,B68  0EU,B68 0EU,E14001478,E23000014,E12000005,A1,UN1,E38000259,E30000169,"0",E33020958
"52049",E630,E35001166,E56000007,E99999999,E92000001,"198001",,E54000062,"19262",E08000028,52.4679565429688,E37000001,,-1.99192798137665,E01010027,E01010027,E02002078,E02002078,E40000011,E00050715,E00050715,6B1,E99999999,"400645","1",E18000005,E08000028,"0285556",E05001272,E43000182,E65000001,B68 0EW,B68  0EW,B68 0EW,E14001478,E23000014,E12000005,A1,UN1,E38000259,E30000169,"0",E33020959
"52050",E630,E35001166,E56000007,E99999999,E92000001,"198402",,E54000062,"19370",E08000028,52.4673004150391,E37000001,,-1.99186897277832,E01010024,E01010024,E02002078,E02002078,E40000011,E00050722,E00050722,6B1,E99999999,"400649","1",E18000005,E08000028,"0285483",E05001272,E43000182,E65000001,B68 0EX,B68  0EX,B68 0EX,E14001478,E23000014,E12000005,A1,UN1,E38000259,E30000169,"0",E33020958
"52051",E630,E35001166,E56000007,E99999999,E92000001,"199109",,E54000062,"19370",E08000028,52.4663925170898,E37000001,,-1.99329698085785,E01010024,E01010024,E02002078,E02002078,E40000011,E00050722,E00050722,6B1,E99999999,"400552","1",E18000005,E08000028,"0285382",E05001272,E43000182,E65000001,B68 0EY,B68  0EY,B68 0EY,E14001478,E23000014,E12000005,A1,UN1,E38000259,E30000169,"0",E33020958
"52052",E630,E35001166,E56000007,E99999999,E92000001,"199201",,E54000062,"19370",E08000028,52.4681205749512,E37000001,,-1.99432694911957,E01010024,E01010024,E02002078,E02002078,E40000011,E00050722,E00050722,6B1,E99999999,"400482","1",E18000005,E08000028,"0285574",E05001272,E43000182,E65000001,B68 0EZ,B68  0EZ,B68 0EZ,E14001478,E23000014,E12000005,A1,UN1,E38000259,E30000169,"0",E33020958
"52091",E630,E35001166,E56000007,E99999999,E92000001,"198001",,E54000062,"19262",E08000028,52.4667625427246,E37000001,,-1.9845529794693,E01010027,E01010027,E02002078,E02002078,E40000011,E00050716,E00050716,4C1,E99999999,"401146","1",E18000005,E08000028,"0285423",E05001272,E43000182,E65000001,B68 0LH,B68  0LH,B68 0LH,E14001478,E23000014,E12000005,A1,UN1,E38000259,E30000169,"0",E33020958
"52092",E630,E35000380,E56000007,E99999999,E92000001,"198001",,E54000062,"19262",E08000028,52.4674987792969,E37000001,,-1.9868940114975,E01010027,E01010027,E02002078,E02002078,E40000011,E00050716,E00050716,4C1,E99999999,"400987","1",E18000005,E08000028,"0285505",E05001272,E43000182,E65000001,B68 0LJ,B68  0LJ,B68 0LJ,E14001478,E23000014,E12000005,A1,UN1,E38000259,E30000169,"0",E33020958
"52093",E630,E35001166,E56000007,E99999999,E92000001,"201612",,E54000062,"12799",E08000028,52.4712219238281,E37000001,,-1.99624001979828,E01010026,E01010026,E02002078,E02002078,E40000011,E00050708,E00050708,6B1,E99999999,"400352","1",E18000005,E08000028,"0285919",E05001272,E43000182,E65000001,B68 0LP,B68  0LP,B68 0LP,E14001478,E23000014,E12000005,A1,UN1,E38000259,E30000169,"0",E33020959
"52094",E630,E35001166,E56000007,E99999999,E92000001,"198001",,E54000062,"12799",E08000028,52.4707450866699,E37000001,,-1.9967999458313,E01010026,E01010026,E02002078,E02002078,E40000011,E00050708,E00050708,6B1,E99999999,"400314","1",E18000005,E08000028,"0285866",E05001272,E43000182,E65000001,B68 0LR,B68  0LR,B68 0LR,E14001478,E23000014,E12000005,A1,UN1,E38000259,E30000169,"0",E33020959
"52095",E630,E35001166,E56000007,E99999999,E92000001,"198001",,E54000062,"12799",E08000028,52.4708709716797,E37000001,,-1.99815404415131,E01010026,E01010026,E02002078,E02002078,E40000011,E00050708,E00050708,6B1,E99999999,"400222","1",E18000005,E08000028,"0285880",E05001272,E43000182,E65000001,B68 0LS,B68  0LS,B68 0LS,E14001478,E23000014,E12000005,A1,UN1,E38000259,E30000169,"0",E33020959
"52098",E630,E35001166,E56000007,E99999999,E92000001,"198001",,E54000062,"19262",E08000028,52.4698524475098,E37000001,,-1.99351704120636,E01010027,E01010027,E02002078,E02002078,E40000011,E00050715,E00050715,6B1,E99999999,"400537","1",E18000005,E08000028,"0285767",E05001272,E43000182,E65000001,B68 0LW,B68  0LW,B68 0LW,E14001478,E23000014,E12000005,A1,UN1,E38000259,E30000169,"0",E33020959
"52099",E630,E35001166,E56000007,E99999999,E92000001,"198001",,E54000062,"12799",E08000028,52.4703140258789,E37000001,,-1.99722695350647,E01010026,E01010026,E02002078,E02002078,E40000011,E00050708,E00050708,6B1,E99999999,"400285","1",E18000005,E08000028,"0285818",E05001272,E43000182,E65000001,B68 0LX,B68  0LX,B68 0LX,E14001478,E23000014,E12000005,A1,UN1,E38000259,E30000169,"0",E33020959
"52100",E630,E35001166,E56000007,E99999999,E92000001,"198001",,E54000062,"12799",E08000028,52.4697380065918,E37000001,,-1.99750697612762,E01010026,E01010026,E02002078,E02002078,E40000011,E00050708,E00050708,6B1,E99999999,"400266","1",E18000005,E08000028,"0285754",E05001272,E43000182,E65000001,B68 0LY,B68  0LY,B68 0LY,E14001478,E23000014,E12000005,A1,UN1,E38000259,E30000169,"0",E33020959
"52101",E630,E35001166,E56000007,E99999999,E92000001,"198001",,E54000062,"12799",E08000028,52.4694061279297,E37000001,,-1.9974479675293,E01010026,E01010026,E02002078,E02002078,E40000011,E00050708,E00050708,6B1,E99999999,"400270","1",E18000005,E08000028,"0285717",E05001272,E43000182,E65000001,B68 0LZ,B68  0LZ,B68 0LZ,E14001478,E23000014,E12000005,A1,UN1,E38000259,E30000169,"0",E33020959
"52102",E630,E35001166,E56000007,E99999999,E92000001,"198001",,E54000062,"19262",E08000028,52.4693069458008,E37000001,,-1.99491596221924,E01010027,E01010027,E02002078,E02002078,E40000011,E00050715,E00050715,6B1,E99999999,"400442","1",E18000005,E08000028,"0285706",E05001272,E43000182,E65000001,B68 0NA,B68  0NA,B68 0NA,E14001478,E23000014,E12000005,A1,UN1,E38000259,E30000169,"0",E33020959
"52103",E630,E35001166,E56000007,E99999999,E92000001,"198001",,E54000062,"19262",E08000028,52.4690971374512,E37000001,,-1.99345803260803,E01010027,E01010027,E02002078,E02002078,E40000011,E00050715,E00050715,6B1,E99999999,"400541","1",E18000005,E08000028,"0285683",E05001272,E43000182,E65000001,B68 0NB,B68  0NB,B68 0NB,E14001478,E23000014,E12000005,A1,UN1,E38000259,E30000169,"0",E33020959
"52104",E630,E35001166,E56000007,E99999999,E92000001,"198001",,E54000062,"19370",E08000028,52.4673118591309,E37000001,,-1.99092698097229,E01010024,E01010024,E02002078,E02002078,E40000011,E00050722,E00050722,6B1,E99999999,"400713","1",E18000005,E08000028,"0285484",E05001272,E43000182,E65000001,B68 0ND,B68  0ND,B68 0ND,E14001478,E23000014,E12000005,A1,UN1,E38000259,E30000169,"0",E33020958
"52105",E630,E35001166,E56000007,E99999999,E92000001,"198001",,E54000062,"19370",E08000028,52.4670028686523,E37000001,,-1.98967599868774,E01010024,E01010024,E02002078,E02002078,E40000011,E00050724,E00050724,5B1,E99999999,"400798","1",E18000005,E08000028,"0285450",E05001272,E43000182,E65000001,B68 0NE,B68  0NE,B68 0NE,E14001478,E23000014,E12000005,A1,UN1,E38000259,E30000169,"0",E33020958
"52106",E630,E35001166,E56000007,E99999999,E92000001,"198001",,E54000062,"19262",E08000028,52.4675254821777,E37000001,,-1.98905694484711,E01010027,E01010027,E02002078,E02002078,E40000011,E00050711,E00050711,6A1,E99999999,"400840","1",E18000005,E08000028,"0285508",E05001272,E43000182,E65000001,B68 0NF,B68  0NF,B68 0NF,E14001478,E23000014,E12000005,A1,UN1,E38000259,E30000169,"0",E33020959
"52107",E630,E35001166,E56000007,E99999999,E92000001,"198001",,E54000062,"19262",E08000028,52.4668426513672,E37000001,,-1.98648202419281,E01010027,E01010027,E02002078,E02002078,E40000011,E00050716,E00050716,4C1,E99999999,"401015","1",E18000005,E08000028,"0285432",E05001272,E43000182,E65000001,B68 0NH,B68  0NH,B68 0NH,E14001478,E23000014,E12000005,A1,UN1,E38000259,E30000169,"0",E33020958
"52108",E630,E35001166,E56000007,E99999999,E92000001,"198001",,E54000062,"19262",E08000028,52.4660606384277,E37000001,,-1.98577499389648,E01010027,E01010027,E02002078,E02002078,E40000011,E00050716,E00050716,4C1,E99999999,"401063","1",E18000005,E08000028,"0285345",E05001272,E43000182,E65000001,B68 0NP,B68  0NP,B68 0NP,E14001478,E23000014,E12000005,A1,UN1,E38000259,E30000169,"0",E33020958
"52109",E630,E35001166,E56000007,E99999999,E92000001,"198001",,E54000062,"19262",E08000028,52.4656105041504,E37000001,,-1.9874529838562,E01010027,E01010027,E02002078,E02002078,E40000011,E00050726,E00050726,4A1,E99999999,"400949","1",E18000005,E08000028,"0285295",E05001272,E43000182,E65000001,B68 0NR,B68  0NR,B68 0NR,E14001478,E23000014,E12000005,A1,UN1,E38000259,E30000169,"0",E33020958
"52110",E630,E35001166,E56000007,E99999999,E92000001,"198001",,E54000062,"19262",E08000028,52.4658813476562,E37000001,,-1.98889601230621,E01010027,E01010027,E02002078,E02002078,E40000011,E00050726,E00050726,4A1,E99999999,"400851","1",E18000005,E08000028,"0285325",E05001272,E43000182,E65000001,B68 0NS,B68  0NS,B68 0NS,E14001478,E23000014,E12000005,A1,UN1,E38000259,E30000169,"0",E33020958
"52111",E630,E35001166,E56000007,E99999999,E92000001,"198001",,E54000062,"19262",E08000028,52.4662742614746,E37000001,,-1.9876149892807,E01010027,E01010027,E02002078,E02002078,E40000011,E00050726,E00050726,4A1,E99999999,"400938","1",E18000005,E08000028,"0285369",E05001272,E43000182,E65000001,B68 0NT,B68  0NT,B68 0NT,E14001478,E23000014,E12000005,A1,UN1,E38000259,E30000169,"0",E33020958
"52112",E630,E35001166,E56000007,E99999999,E92000001,"198001",,E54000062,"19262",E08000028,52.4665374755859,E37000001,,-1.98661398887634,E01010027,E01010027,E02002078,E02002078,E40000011,E00050716,E00050716,4C1,E99999999,"401006","1",E18000005,E08000028,"0285398",E05001272,E43000182,E65000001,B68 0NU,B68  0NU,B68 0NU,E14001478,E23000014,E12000005,A1,UN1,E38000259,E30000169,"0",E33020958
"52113",E630,E35001166,E56000007,E99999999,E92000001,"198001",,E54000062,"19262",E08000028,52.4663391113281,E37000001,,-1.98840999603271,E01010027,E01010027,E02002078,E02002078,E40000011,E00050726,E00050726,4A1,E99999999,"400884","1",E18000005,E08000028,"0285376",E05001272,E43000182,E65000001,B68 0NX,B68  0NX,B68 0NX,E14001478,E23000014,E12000005,A1,UN1,E38000259,E30000169,"0",E33020958
"52114",E630,E35001166,E56000007,E99999999,E92000001,"198001",,E54000062,"19370",E08000028,52.4664192199707,E37000001,,-1.99010300636292,E01010024,E01010024,E02002078,E02002078,E40000011,E00050724,E00050724,5B1,E99999999,"400769","1",E18000005,E08000028,"0285385",E05001272,E43000182,E65000001,B68 0NY,B68  0NY,B68 0NY,E14001478,E23000014,E12000005,A1,UN1,E38000259,E30000169,"0",E33020958
"52115",E630,E35001166,E56000007,E99999999,E92000001,"198001",,E54000062,"19370",E08000028,52.465648651123,E37000001,,-1.99089801311493,E01010024,E01010024,E02002078,E02002078,E40000011,E00050724,E00050724,5B1,E99999999,"400715","1",E18000005,E08000028,"0285299",E05001272,E43000182,E65000001,B68 0NZ,B68  0NZ,B68 0NZ,E14001478,E23000014,E12000005,A1,UN1,E38000259,E30000169,"0",E33020958
"52116",E630,E35001166,E56000007,E99999999,E92000001,"198001",,E54000062,"19262",E08000028,52.4652137756348,E37000001,,-1.98964703083038,E01010027,E01010027,E02002078,E02002078,E40000011,E00050726,E00050726,4A1,E99999999,"400800","1",E18000005,E08000028,"0285251",E05001272,E43000182,E65000001,B68 0PA,B68  0PA,B68 0PA,E14001478,E23000014,E12000005,A1,UN1,E38000259,E30000169,"0",E33020958
"52172",E630,E35001166,E56000007,E99999999,E92000001,"198001",,E54000062,"12799",E08000028,52.4731101989746,E37000001,,-2.00027394294739,E01010026,E01010026,E02002078,E02002078,E40000011,E00050703,E00050703,6B1,E99999999,"400078","1",E18000005,E08000028,"0286129",E05001272,E43000182,E65000001,B68 0TF,B68  0TF,B68 0TF,E14001478,E23000014,E12000005,A1,UN1,E38000259,E30000169,"0",E33020959
"52173",E630,E35001166,E56000007,E99999999,E92000001,"198001",,E54000062,"12799",E08000028,52.4721565246582,E37000001,,-1.99977397918701,E01010026,E01010026,E02002078,E02002078,E40000011,E00050703,E00050703,6B1,E99999999,"400112","1",E18000005,E08000028,"0286023",E05001272,E43000182,E65000001,B68 0TG,B68  0TG,B68 0TG,E14001478,E23000014,E12000005,A1,UN1,E38000259,E30000169,"0",E33020959
"52174",E630,E35001166,E56000007,E99999999,E92000001,"198001",,E54000062,"12799",E08000028,52.4728584289551,E37000001,,-1.99805104732513,E01010026,E01010026,E02002078,E02002078,E40000011,E00050702,E00050702,7C3,E99999999,"400229","1",E18000005,E08000028,"0286101",E05001272,E43000182,E65000001,B68 0TQ,B68  0TQ,B68 0TQ,E14001478,E23000014,E12000005,A1,UN1,E38000259,E30000169,"0",E33020959
"52385",E630,E35001166,E56000007,E99999999,E92000001,"202405",,E54000062,"13564",E08000028,52.4749526977539,E37000001,,-1.99141097068787,E01009923,E01009923,E02002078,E02002078,E40000011,E00050206,E00050206,4A1,E99999999,"400680","1",E18000005,E08000028,"0286334",E05001260,E43000182,E65000001,B68 9BA,B68  9BA,B68 9BA,E14001478,E23000014,E12000005,A1,UN1,E38000259,E30000169,"0",E33020959
"52386",E630,E35001166,E56000007,E99999999,E92000001,"198001",,E54000062,"19262",E08000028,52.4686660766602,E37000001,,-1.98904204368591,E01010027,E01010027,E02002078,E02002078,E40000011,E00050711,E00050711,6A1,E99999999,"400841","1",E18000005,E08000028,"0285635",E05001272,E43000182,E65000001,B68 9BG,B68  9BG,B68 9BG,E14001478,E23000014,E12000005,A1,UN1,E38000259,E30000169,"0",E33020959
"52387",E630,E35001166,E56000007,E99999999,E92000001,"198001",,E54000062,"19262",E08000028,52.4689826965332,E37000001,,-1.98926305770874,E01010027,E01010027,E02002078,E02002078,E40000011,E00050711,E00050711,6A1,E99999999,"400826","1",E18000005,E08000028,"0285670",E05001272,E43000182,E65000001,B68 9BH,B68  9BH,B68 9BH,E14001478,E23000014,E12000005,A1,UN1,E38000259,E30000169,"0",E33020959
"52388",E630,E35001166,E56000007,E99999999,E92000001,"198001",,E54000062,"19262",E08000028,52.4692077636719,E37000001,,-1.99155902862549,E01010027,E01010027,E02002078,E02002078,E40000011,E00050711,E00050711,6A1,E99999999,"400670","1",E18000005,E08000028,"0285695",E05001272,E43000182,E65000001,B68 9BJ,B68  9BJ,B68 9BJ,E14001478,E23000014,E12000005,A1,UN1,E38000259,E30000169,"0",E33020959
"52390",E630,E35000380,E56000007,E99999999,E92000001,"198001",,E54000062,"19262",E08000028,52.4682807922363,E37000001,,-1.98734998703003,E01010027,E01010027,E02002078,E02002078,E40000011,E00050711,E00050711,6A1,E99999999,"400956","1",E18000005,E08000028,"0285592",E05001272,E43000182,E65000001,B68 9BQ,B68  9BQ,B68 9BQ,E14001478,E23000014,E12000005,A1,UN1,E38000259,E30000169,"0",E33020959
"52403",E630,E35001166,E56000007,E99999999,E92000001,"198001",,E54000062,"12799",E08000028,52.4743423461914,E37000001,,-2.00158405303955,E01010026,E01010026,E02002078,E02002078,E40000011,E00050703,E00050703,6B1,E99999999,"399989","1",E18000005,E08000028,"0286266",E05001272,E43000182,E65000001,B68 9DH,B68  9DH,B68 9DH,E14001478,E23000014,E12000005,A1,UN1,E38000259,E30000169,"0",E33020959
"52404",E630,E35001166,E56000007,E99999999,E92000001,"198001",,E54000062,"12799",E08000028,52.4736213684082,E37000001,,-2.0002589225769,E01010026,E01010026,E02002078,E02002078,E40000011,E00050703,E00050703,6B1,E99999999,"400079","1",E18000005,E08000028,"0286186",E05001272,E43000182,E65000001,B68 9DJ,B68  9DJ,B68 9DJ,E14001478,E23000014,E12000005,A1,UN1,E38000259,E30000169,"0",E33020959
"52405",E630,E35001166,E56000007,E99999999,E92000001,"198001",,E54000062,"12799",E08000028,52.4742317199707,E37000001,,-1.99975895881653,E01010026,E01010026,E02002078,E02002078,E40000011,E00050703,E00050703,6B1,E99999999,"400113","1",E18000005,E08000028,"0286254",E05001272,E43000182,E65000001,B68 9DL,B68  9DL,B68 9DL,E14001478,E23000014,E12000005,A1,UN1,E38000259,E30000169,"0",E33020959
"52416",E630,E35001166,E56000007,E99999999,E92000001,"198001",,E54000062,"12799",E08000028,52.4745483398438,E37000001,,-1.99563705921173,E01010026,E01010026,E02002078,E02002078,E40000011,E00050701,E00050701,8A2,E99999999,"400393","1",E18000005,E08000028,"0286289",E05001272,E43000182,E65000001,B68 9EB,B68  9EB,B68 9EB,E14001478,E23000014,E12000005,A1,UN1,E38000259,E30000169,"0",E33020959
"52417",E630,E35001166,E56000007,E99999999,E92000001,"198001",,E54000062,"12799",E08000028,52.4734764099121,E37000001,,-1.9972859621048,E01010026,E01010026,E02002078,E02002078,E40000011,E00050702,E00050702,7C3,E99999999,"400281","1",E18000005,E08000028,"0286170",E05001272,E43000182,E65000001,B68 9ED,B68  9ED,B68 9ED,E14001478,E23000014,E12000005,A1,UN1,E38000259,E30000169,"0",E33020959
"52419",E630,E35001166,E56000007,E99999999,E92000001,"198001",,E54000062,"12799",E08000028,52.4742584228516,E37000001,,-1.99758005142212,E01010026,E01010026,E02002078,E02002078,E40000011,E00050702,E00050702,7C3,E99999999,"400261","1",E18000005,E08000028,"0286257",E05001272,E43000182,E65000001,B68 9EH,B68  9EH,B68 9EH,E14001478,E23000014,E12000005,A1,UN1,E38000259,E30000169,"0",E33020959
"52420",E630,E35001166,E56000007,E99999999,E92000001,"198001",,E54000062,"12799",E08000028,52.4715805053711,E37000001,,-1.99491500854492,E01010026,E01010026,E02002078,E02002078,E40000011,E00050708,E00050708,6B1,E99999999,"400442","1",E18000005,E08000028,"0285959",E05001272,E43000182,E65000001,B68 9EP,B68  9EP,B68 9EP,E14001478,E23000014,E12000005,A1,UN1,E38000259,E30000169,"0",E33020959
"52422",E630,E35001166,E56000007,E99999999,E92000001,"198001",,E54000062,"12799",E08000028,52.4718322753906,E37000001,,-1.99550402164459,E01010026,E01010026,E02002078,E02002078,E40000011,E00050708,E00050708,6B1,E99999999,"400402","1",E18000005,E08000028,"0285987",E05001272,E43000182,E65000001,B68 9ER,B68  9ER,B68 9ER,E14001478,E23000014,E12000005,A1,UN1,E38000259,E30000169,"0",E33020959
"52423",E630,E35001166,E56000007,E99999999,E92000001,"198001",,E54000062,"12799",E08000028,52.4733505249023,E37000001,,-1.99494504928589,E01010026,E01010026,E02002078,E02002078,E40000011,E00050701,E00050701,8A2,E99999999,"400440","1",E18000005,E08000028,"0286156",E05001272,E43000182,E65000001,B68 9ES,B68  9ES,B68 9ES,E14001478,E23000014,E12000005,A1,UN1,E38000259,E30000169,"0",E33020959
"52424",E630,E35001166,E56000007,E99999999,E92000001,"198001",,E54000062,"12799",E08000028,52.4735145568848,E37000001,,-1.99550402164459,E01010026,E01010026,E02002078,E02002078,E40000011,E00050701,E00050701,8A2,E99999999,"400402","1",E18000005,E08000028,"0286174",E05001272,E43000182,E65000001,B68 9ET,B68  9ET,B68 9ET,E14001478,E23000014,E12000005,A1,UN1,E38000259,E30000169,"0",E33020959
"52425",E630,E35001166,E56000007,E99999999,E92000001,"198001",,E54000062,"12799",E08000028,52.4747161865234,E37000001,,-1.99451804161072,E01010026,E01010026,E02002078,E02002078,E40000011,E00050701,E00050701,8A2,E99999999,"400469","1",E18000005,E08000028,"0286308",E05001272,E43000182,E65000001,B68 9EU,B68  9EU,B68 9EU,E14001478,E23000014,E12000005,A1,UN1,E38000259,E30000169,"0",E33020959
"52430",E630,E35001166,E56000007,E99999999,E92000001,"198001",,E54000062,"13564",E08000028,52.4748611450195,E37000001,,-1.99319303035736,E01009923,E01009923,E02002078,E02002078,E40000011,E00050206,E00050206,4A1,E99999999,"400559","1",E18000005,E08000028,"0286324",E05001260,E43000182,E65000001,B68 9HB,B68  9HB,B68 9HB,E14001478,E23000014,E12000005,A1,UN1,E38000259,E30000169,"0",E33020959
"52431",E630,E35001166,E56000007,E99999999,E92000001,"198001",,E54000062,"13564",E08000028,52.4739532470703,E37000001,,-1.9904990196228,E01009923,E01009923,E02002078,E02002078,E40000011,E00050206,E00050206,4A1,E99999999,"400742","1",E18000005,E08000028,"0286223",E05001260,E43000182,E65000001,B68 9HD,B68  9HD,B68 9HD,E14001478,E23000014,E12000005,A1,UN1,E38000259,E30000169,"0",E33020959
"52432",E630,E35001166,E56000007,E99999999,E92000001,"198001",,E54000062,"19262",E08000028,52.4736137390137,E37000001,,-1.99052798748016,E01010027,E01010027,E02002078,E02002078,E40000011,E00050705,E00050705,6B1,E99999999,"400740","1",E18000005,E08000028,"0286185",E05001272,E43000182,E65000001,B68 9HE,B68  9HE,B68 9HE,E14001478,E23000014,E12000005,A1,UN1,E38000259,E30000169,"0",E33020959
"52433",E630,E35001166,E56000007,E99999999,E92000001,"198001",,E54000062,"12799",E08000028,52.474422454834,E37000001,,-1.99320697784424,E01010026,E01010026,E02002078,E02002078,E40000011,E00050701,E00050701,8A2,E99999999,"400558","1",E18000005,E08000028,"0286275",E05001272,E43000182,E65000001,B68 9HF,B68  9HF,B68 9HF,E14001478,E23000014,E12000005,A1,UN1,E38000259,E30000169,"0",E33020959
"52434",E630,E35001166,E56000007,E99999999,E92000001,"198001",,E54000062,"12799",E08000028,52.4740180969238,E37000001,,-1.99357604980469,E01010026,E01010026,E02002078,E02002078,E40000011,E00050701,E00050701,8A2,E99999999,"400533","1",E18000005,E08000028,"0286230",E05001272,E43000182,E65000001,B68 9HG,B68  9HG,B68 9HG,E14001478,E23000014,E12000005,A1,UN1,E38000259,E30000169,"0",E33020959
"52435",E630,E35001166,E56000007,E99999999,E92000001,"198001",,E54000062,"12799",E08000028,52.4731521606445,E37000001,,-1.99266302585602,E01010026,E01010026,E02002078,E02002078,E40000011,E00050704,E00050704,"8D2",E99999999,"400595","1",E18000005,E08000028,"0286134",E05001272,E43000182,E65000001,B68 9HH,B68  9HH,B68 9HH,E14001478,E23000014,E12000005,A1,UN1,E38000259,E30000169,"0",E33020959
"52436",E630,E35001166,E56000007,E99999999,E92000001,"198001",,E54000062,"12799",E08000028,52.4721832275391,E37000001,,-1.99413502216339,E01010026,E01010026,E02002078,E02002078,E40000011,E00050704,E00050704,"8D2",E99999999,"400495","1",E18000005,E08000028,"0286026",E05001272,E43000182,E65000001,B68 9HJ,B68  9HJ,B68 9HJ,E14001478,E23000014,E12000005,A1,UN1,E38000259,E30000169,"0",E33020959
"52437",E630,E35001166,E56000007,E99999999,E92000001,"198001",,E54000062,"12799",E08000028,52.4713096618652,E37000001,,-1.99242794513702,E01010026,E01010026,E02002078,E02002078,E40000011,E00050707,E00050707,"8D2",E99999999,"400611","1",E18000005,E08000028,"0285929",E05001272,E43000182,E65000001,B68 9HL,B68  9HL,B68 9HL,E14001478,E23000014,E12000005,A1,UN1,E38000259,E30000169,"0",E33020959
"52438",E630,E35001166,E56000007,E99999999,E92000001,"198001",,E54000062,"12799",E08000028,52.4712944030762,E37000001,,-1.99301600456238,E01010026,E01010026,E02002078,E02002078,E40000011,E00050707,E00050707,"8D2",E99999999,"400571","1",E18000005,E08000028,"0285927",E05001272,E43000182,E65000001,B68 9HN,B68  9HN,B68 9HN,E14001478,E23000014,E12000005,A1,UN1,E38000259,E30000169,"0",E33020959
"52439",E630,E35001166,E56000007,E99999999,E92000001,"198001",,E54000062,"12799",E08000028,52.4703216552734,E37000001,,-1.99307596683502,E01010026,E01010026,E02002078,E02002078,E40000011,E00050707,E00050707,"8D2",E99999999,"400567","1",E18000005,E08000028,"0285819",E05001272,E43000182,E65000001,B68 9HP,B68  9HP,B68 9HP,E14001478,E23000014,E12000005,A1,UN1,E38000259,E30000169,"0",E33020959
"52440",E630,E35001166,E56000007,E99999999,E92000001,"198001",,E54000062,"12799",E08000028,52.4732818603516,E37000001,,-1.99311900138855,E01010026,E01010026,E02002078,E02002078,E40000011,E00050704,E00050704,"8D2",E99999999,"400564","1",E18000005,E08000028,"0286148",E05001272,E43000182,E65000001,B68 9HQ,B68  9HQ,B68 9HQ,E14001478,E23000014,E12000005,A1,UN1,E38000259,E30000169,"0",E33020959
"52441",E630,E35001166,E56000007,E99999999,E92000001,"198001",,E54000062,"12799",E08000028,52.4717330932617,E37000001,,-1.99413502216339,E01010026,E01010026,E02002078,E02002078,E40000011,E00050704,E00050704,"8D2",E99999999,"400495","1",E18000005,E08000028,"0285976",E05001272,E43000182,E65000001,B68 9HR,B68  9HR,B68 9HR,E14001478,E23000014,E12000005,A1,UN1,E38000259,E30000169,"0",E33020959
"52442",E630,E35001166,E56000007,E99999999,E92000001,"198001",,E54000062,"12799",E08000028,52.4708061218262,E37000001,,-1.99342894554138,E01010026,E01010026,E02002078,E02002078,E40000011,E00050707,E00050707,"8D2",E99999999,"400543","1",E18000005,E08000028,"0285873",E05001272,E43000182,E65000001,B68 9HW,B68  9HW,B68 9HW,E14001478,E23000014,E12000005,A1,UN1,E38000259,E30000169,"0",E33020959
"52444",E630,E35000380,E56000007,E99999999,E92000001,"198001",,E54000062,"19262",E08000028,52.4673347473145,E37000001,,-1.98333096504211,E01010027,E01010027,E02002078,E02002078,E40000011,E00050716,E00050716,4C1,E99999999,"401229","1",E18000005,E08000028,"0285487",E05001272,E43000182,E65000001,B68 9JB,B68  9JB,B68 9JB,E14001478,E23000014,E12000005,A1,UN1,E38000259,E30000169,"0",E33020958
"52447",E630,E35001166,E56000007,E99999999,E92000001,"198001",,E54000062,"19262",E08000028,52.4711112976074,E37000001,,-1.9889680147171,E01010027,E01010027,E02002078,E02002078,E40000011,E00050711,E00050711,6A1,E99999999,"400846","1",E18000005,E08000028,"0285907",E05001272,E43000182,E65000001,B68 9JG,B68  9JG,B68 9JG,E14001478,E23000014,E12000005,A1,UN1,E38000259,E30000169,"0",E33020959
"52448",E630,E35000380,E56000007,E99999999,E92000001,"198001",,E54000062,"19262",E08000028,52.4687461853027,E37000001,,-1.98593604564667,E01010027,E01010027,E02002078,E02002078,E40000011,E00050716,E00050716,4C1,E99999999,"401052","1",E18000005,E08000028,"0285644",E05001272,E43000182,E65000001,B68 9JH,B68  9JH,B68 9JH,E14001478,E23000014,E12000005,A1,UN1,E38000259,E30000169,"0",E33020958
"52449",E630,E35001166,E56000007,E99999999,E92000001,"198001",,E54000062,"19262",E08000028,52.4730911254883,E37000001,,-1.98930597305298,E01010027,E01010027,E02002078,E02002078,E40000011,E00050705,E00050705,6B1,E99999999,"400823","1",E18000005,E08000028,"0286127",E05001272,E43000182,E65000001,B68 9JJ,B68  9JJ,B68 9JJ,E14001478,E23000014,E12000005,A1,UN1,E38000259,E30000169,"0",E33020959
"52450",E630,E35001166,E56000007,E99999999,E92000001,"198001",,E54000062,"19262",E08000028,52.4726409912109,E37000001,,-1.98960101604462,E01010027,E01010027,E02002078,E02002078,E40000011,E00050705,E00050705,6B1,E99999999,"400803","1",E18000005,E08000028,"0286077",E05001272,E43000182,E65000001,B68 9JL,B68  9JL,B68 9JL,E14001478,E23000014,E12000005,A1,UN1,E38000259,E30000169,"0",E33020959
"52451",E630,E35001166,E56000007,E99999999,E92000001,"198001",,E54000062,"19262",E08000028,52.4718055725098,E37000001,,-1.99030804634094,E01010027,E01010027,E02002078,E02002078,E40000011,E00050705,E00050705,6B1,E99999999,"400755","1",E18000005,E08000028,"0285984",E05001272,E43000182,E65000001,B68 9JN,B68  9JN,B68 9JN,E14001478,E23000014,E12000005,A1,UN1,E38000259,E30000169,"0",E33020959
"52452",E630,E35001166,E56000007,E99999999,E92000001,"198001",,E54000062,"13564",E08000028,52.4742050170898,E37000001,,-1.98949694633484,E01009923,E01009923,E02002078,E02002078,E40000011,E00050206,E00050206,4A1,E99999999,"400810","1",E18000005,E08000028,"0286251",E05001260,E43000182,E65000001,B68 9JP,B68  9JP,B68 9JP,E14001478,E23000014,E12000005,A1,UN1,E38000259,E30000169,"0",E33020959
"52453",E630,E35000380,E56000007,E99999999,E92000001,"198001",,E54000062,"19262",E08000028,52.4679298400879,E37000001,,-1.98573100566864,E01010027,E01010027,E02002078,E02002078,E40000011,E00050716,E00050716,4C1,E99999999,"401066","1",E18000005,E08000028,"0285553",E05001272,E43000182,E65000001,B68 9JQ,B68  9JQ,B68 9JQ,E14001478,E23000014,E12000005,A1,UN1,E38000259,E30000169,"0",E33020958
"52454",E630,E35001166,E56000007,E99999999,E92000001,"198001",,E54000062,"19262",E08000028,52.4724426269531,E37000001,,-1.99176502227783,E01010027,E01010027,E02002078,E02002078,E40000011,E00050705,E00050705,6B1,E99999999,"400656","1",E18000005,E08000028,"0286055",E05001272,E43000182,E65000001,B68 9JR,B68  9JR,B68 9JR,E14001478,E23000014,E12000005,A1,UN1,E38000259,E30000169,"0",E33020959
"52455",E630,E35001166,E56000007,E99999999,E92000001,"198001",,E54000062,"12799",E08000028,52.4721641540527,E37000001,,-1.99220705032349,E01010026,E01010026,E02002078,E02002078,E40000011,E00050704,E00050704,"8D2",E99999999,"400626","1",E18000005,E08000028,"0286024",E05001272,E43000182,E65000001,B68 9JS,B68  9JS,B68 9JS,E14001478,E23000014,E12000005,A1,UN1,E38000259,E30000169,"0",E33020959
"52456",E630,E35001166,E56000007,E99999999,E92000001,"198001",,E54000062,"19262",E08000028,52.4708061218262,E37000001,,-1.99057304859161,E01010027,E01010027,E02002078,E02002078,E40000011,E00050711,E00050711,6A1,E99999999,"400737","1",E18000005,E08000028,"0285873",E05001272,E43000182,E65000001,B68 9JT,B68  9JT,B68 9JT,E14001478,E23000014,E12000005,A1,UN1,E38000259,E30000169,"0",E33020959
"52457",E630,E35001166,E56000007,E99999999,E92000001,"198001",,E54000062,"19262",E08000028,52.4709053039551,E37000001,,-1.98960101604462,E01010027,E01010027,E02002078,E02002078,E40000011,E00050711,E00050711,6A1,E99999999,"400803","1",E18000005,E08000028,"0285884",E05001272,E43000182,E65000001,B68 9JU,B68  9JU,B68 9JU,E14001478,E23000014,E12000005,A1,UN1,E38000259,E30000169,"0",E33020959
"52458",E630,E35001166,E56000007,E99999999,E92000001,"198001",,E54000062,"19262",E08000028,52.472972869873,E37000001,,-1.99038100242615,E01010027,E01010027,E02002078,E02002078,E40000011,E00050705,E00050705,6B1,E99999999,"400750","1",E18000005,E08000028,"0286114",E05001272,E43000182,E65000001,B68 9JW,B68  9JW,B68 9JW,E14001478,E23000014,E12000005,A1,UN1,E38000259,E30000169,"0",E33020959
"52459",E630,E35001166,E56000007,E99999999,E92000001,"198001",,E54000062,"19262",E08000028,52.4705200195312,E37000001,,-1.9904990196228,E01010027,E01010027,E02002078,E02002078,E40000011,E00050711,E00050711,6A1,E99999999,"400742","1",E18000005,E08000028,"0285841",E05001272,E43000182,E65000001,B68 9JX,B68  9JX,B68 9JX,E14001478,E23000014,E12000005,A1,UN1,E38000259,E30000169,"0",E33020959
"52460",E630,E35001166,E56000007,E99999999,E92000001,"198001",,E54000062,"19262",E08000028,52.4696731567383,E37000001,,-1.99038195610046,E01010027,E01010027,E02002078,E02002078,E40000011,E00050711,E00050711,6A1,E99999999,"400750","1",E18000005,E08000028,"0285747",E05001272,E43000182,E65000001,B68 9LA,B68  9LA,B68 9LA,E14001478,E23000014,E12000005,A1,UN1,E38000259,E30000169,"0",E33020959
